product,filename,photographer,source,image
Classic T-Shirt,classic-t-shirt.jpg,mockupbee,https://unsplash.com/photos/a-white-shirt-on-a-white-background-4rUYuwJ2vGw,https://images.unsplash.com/photo-1651761179569-4ba2aa054997?auto=format&fit=crop&fm=jpg&ixid=M3wxMjA3fDB8MHxwaG90by1wYWdlfHx8fGVufDB8fHx8fA%3D%3D&ixlib=rb-4.1.0&q=60&w=3000
Graphic T-Shirt,graphic-t-shirt.jpg,Andrej Ermakov,https://unsplash.com/photos/young-man-in-graphic-t-shirt-8m_Oi9Uj1Wg,https://images.unsplash.com/photo-1790726787064-2cfed5a3c42b?auto=format&fit=crop&fm=jpg&ixid=M3wxMjA3fDB8MHxwaG90by1wYWdlfHx8fGVufDB8fHx8fA%3D%3D&ixlib=rb-4.1.0&q=60&w=3000
Slim Jeans,slim-jeans.jpg,Tobias Olivier,https://unsplash.com/photos/blue-denim-apparel-Ydzg9ipWw5E,https://images.unsplash.com/photo-1572122936109-ce84b9cd5439?auto=format&fit=crop&fm=jpg&ixid=M3wxMjA3fDB8MHxwaG90by1wYWdlfHx8fGVufDB8fHx8fA%3D%3D&ixlib=rb-4.1.0&q=60&w=3000
Blue Jeans,blue-jeans.jpg,Ignat Kushnarev,https://unsplash.com/photos/two-pairs-of-blue-levis-jeans-with-brand-patches-3xmBzR_rdnM,https://images.unsplash.com/photo-1779816046822-3c08839e8e69?auto=format&fit=crop&fm=jpg&ixid=M3wxMjA3fDB8MHxwaG90by1wYWdlfHx8fGVufDB8fHx8fA%3D%3D&ixlib=rb-4.1.0&q=60&w=3000
White Sneakers,white-sneakers.jpg,Jordan Hou,https://unsplash.com/photos/white-leather-sneaker-with-black-details-oX5pCZd7ua8,https://images.unsplash.com/photo-1780824946973-ab4e10ec90f6?auto=format&fit=crop&fm=jpg&ixid=M3wxMjA3fDB8MHxwaG90by1wYWdlfHx8fGVufDB8fHx8fA%3D%3D&ixlib=rb-4.1.0&q=60&w=3000
Running Sneakers,running-sneakers.jpg,Joshua Díaz,https://unsplash.com/photos/a-pair-of-white-sneakers-with-orange-and-blue-accents-VpJNS_H_KHM,https://images.unsplash.com/photo-1698108223703-0af88bee1104?auto=format&fit=crop&fm=jpg&ixid=M3wxMjA3fDB8MHxwaG90by1wYWdlfHx8fGVufDB8fHx8fA%3D%3D&ixlib=rb-4.1.0&q=60&w=3000
Summer Dress,summer-dress.jpg,Sixteen Miles Out,https://unsplash.com/photos/womens-blue-sleeveless-dress-yAEeKYVOKys,https://images.unsplash.com/photo-1576503898993-4abc2bb3795d?auto=format&fit=crop&fm=jpg&ixid=M3wxMjA3fDB8MHxwaG90by1wYWdlfHx8fGVufDB8fHx8fA%3D%3D&ixlib=rb-4.1.0&q=60&w=3000
Party Dress,party-dress.jpg,Izabelly Marques,https://unsplash.com/photos/a-dress-on-a-table--x15sukRHjE,https://images.unsplash.com/photo-1652501025921-01c65e754b68?auto=format&fit=crop&fm=jpg&ixid=M3wxMjA3fDB8MHxwaG90by1wYWdlfHx8fGVufDB8fHx8fA%3D%3D&ixlib=rb-4.1.0&q=60&w=3000
Leather Handbag,leather-handbag.jpg,Irene Kredenets,https://unsplash.com/photos/brown-leather-handbag-on-white-surface-tcVH_BwHtrc,https://images.unsplash.com/photo-1598532163257-ae3c6b2524b6?auto=format&fit=crop&fm=jpg&ixid=M3wxMjA3fDB8MHxwaG90by1wYWdlfHx8fGVufDB8fHx8fA%3D%3D&ixlib=rb-4.1.0&q=60&w=3000
Tote Handbag,tote-handbag.jpg,Jon Tyson,https://unsplash.com/photos/person-holding-tote-bag-TeD4qZjGIMw,https://images.unsplash.com/photo-1555980861-0388cf24420a?auto=format&fit=crop&fm=jpg&ixid=M3wxMjA3fDB8MHxwaG90by1wYWdlfHx8fGVufDB8fHx8fA%3D%3D&ixlib=rb-4.1.0&q=60&w=3000
Formal Shirt,formal-shirt.jpg,Nimble Made,https://unsplash.com/photos/man-in-white-button-up-shirt-GDebkNryTd4,https://images.unsplash.com/photo-1603252109612-24fa03d145c8?auto=format&fit=crop&fm=jpg&ixid=M3wxMjA3fDB8MHxwaG90by1wYWdlfHx8fGVufDB8fHx8fA%3D%3D&ixlib=rb-4.1.0&q=60&w=3000
Casual Shirt,casual-shirt.jpg,Manu Harshith,https://unsplash.com/photos/man-in-blue-button-up-shirt-UsWlwoB3lg4,https://images.unsplash.com/photo-1627776880991-808c5996527b?auto=format&fit=crop&fm=jpg&ixid=M3wxMjA3fDB8MHxwaG90by1wYWdlfHx8fGVufDB8fHx8fA%3D%3D&ixlib=rb-4.1.0&q=60&w=3000
Black Trousers,black-trousers.jpg,Bruno Ngarukiye,https://unsplash.com/photos/a-man-in-a-black-shirt-and-black-pants-zOBodI7nZqc,https://images.unsplash.com/photo-1731595758644-b6dd573a38d7?auto=format&fit=crop&fm=jpg&ixid=M3wxMjA3fDB8MHxwaG90by1wYWdlfHx8fGVufDB8fHx8fA%3D%3D&ixlib=rb-4.1.0&q=60&w=3000
Chino Trousers,chino-trousers.jpg,Romello Morris,https://unsplash.com/photos/man-in-gray-shirt-and-beige-pants-standing-on-sidewalk-during-daytime-LfxQ83wxzMM,https://images.unsplash.com/photo-1630697550133-94d69d4a7f7a?auto=format&fit=crop&fm=jpg&ixid=M3wxMjA3fDB8MHxwaG90by1wYWdlfHx8fGVufDB8fHx8fA%3D%3D&ixlib=rb-4.1.0&q=60&w=3000
Sportswear Top,sportswear-top.jpg,Jadon Johnson,https://unsplash.com/photos/a-woman-in-athletic-wear-stands-outdoors-Wp7KtcAZAo8,https://images.unsplash.com/photo-1774414489812-f863c5bd32f4?auto=format&fit=crop&fm=jpg&ixid=M3wxMjA3fDB8MHxwaG90by1wYWdlfHx8fGVufDB8fHx8fA%3D%3D&ixlib=rb-4.1.0&q=60&w=3000
Sportswear Bottom,sportswear-bottom.jpg,Samuell Morgenstern,https://unsplash.com/photos/young-man-in-soccer-jersey-and-track-pants-standing-JxmH9CAo0Tk,https://images.unsplash.com/photo-1761358531375-bcb8e1aa1573?auto=format&fit=crop&fm=jpg&ixid=M3wxMjA3fDB8MHxwaG90by1wYWdlfHx8fGVufDB8fHx8fA%3D%3D&ixlib=rb-4.1.0&q=60&w=3000
Denim Jacket,denim-jacket.jpg,Julia Kuzenkov,https://unsplash.com/photos/blue-denim-jacket-2Tokf3MmXvY,https://images.unsplash.com/photo-1548958142-5319c0ec17ab?auto=format&fit=crop&fm=jpg&ixid=M3wxMjA3fDB8MHxwaG90by1wYWdlfHx8fGVufDB8fHx8fA%3D%3D&ixlib=rb-4.1.0&q=60&w=3000
Bomber Jacket,bomber-jacket.jpg,Brooke Balentine,https://unsplash.com/photos/man-wearing-a-bucket-hat-and-bomber-jacket-OJZVD3Btip4,https://images.unsplash.com/photo-1760411069817-d06505644baf?auto=format&fit=crop&fm=jpg&ixid=M3wxMjA3fDB8MHxwaG90by1wYWdlfHx8fGVufDB8fHx8fA%3D%3D&ixlib=rb-4.1.0&q=60&w=3000
Belt,belt.jpg,seeetz,https://unsplash.com/photos/a-leather-belt-on-a-black-surface-eNEa7Gsfzzs,https://images.unsplash.com/photo-1664286074176-5206ee5dc878?auto=format&fit=crop&fm=jpg&ixid=M3wxMjA3fDB8MHxwaG90by1wYWdlfHx8fGVufDB8fHx8fA%3D%3D&ixlib=rb-4.1.0&q=60&w=3000
Cap,cap.jpg,Damir Semirkhanov,https://unsplash.com/photos/young-woman-in-a-baseball-cap-in-a-field-rjoNAPPtYl0,https://images.unsplash.com/photo-1778680785572-c5faef8ac378?auto=format&fit=crop&fm=jpg&ixid=M3wxMjA3fDB8MHxwaG90by1wYWdlfHx8fGVufDB8fHx8fA%3D%3D&ixlib=rb-4.1.0&q=60&w=3000
Scarf,scarf.jpg,Fanueal Mengistu,https://unsplash.com/photos/a-woman-with-a-patterned-scarf-and-jeans-YFWpQZtKvHU,https://images.unsplash.com/photo-1772537584458-8084ad35b00e?auto=format&fit=crop&fm=jpg&ixid=M3wxMjA3fDB8MHxwaG90by1wYWdlfHx8fGVufDB8fHx8fA%3D%3D&ixlib=rb-4.1.0&q=60&w=3000
Sunglasses,sunglasses.jpg,Deepak Rastogi,https://unsplash.com/photos/a-pair-of-sunglasses-sitting-on-top-of-a-table-9jETdMYa6mE,https://images.unsplash.com/photo-1708702101923-f06afcb4e2b7?auto=format&fit=crop&fm=jpg&ixid=M3wxMjA3fDB8MHxwaG90by1wYWdlfHx8fGVufDB8fHx8fA%3D%3D&ixlib=rb-4.1.0&q=60&w=3000
Loafers,loafers.jpg,David Lezcano,https://unsplash.com/photos/brown-suede-penny-loafers-b_L9iE1DUHo,https://images.unsplash.com/photo-1576792741377-eb0f4f6d1a47?auto=format&fit=crop&fm=jpg&ixid=M3wxMjA3fDB8MHxwaG90by1wYWdlfHx8fGVufDB8fHx8fA%3D%3D&ixlib=rb-4.1.0&q=60&w=3000
Heels,heels.jpg,Alexander Mass,https://unsplash.com/photos/a-pair-of-white-high-heeled-shoes-APKilKcRiVM,https://images.unsplash.com/photo-1770757587601-79f3092d1cbb?auto=format&fit=crop&fm=jpg&ixid=M3wxMjA3fDB8MHxwaG90by1wYWdlfHx8fGVufDB8fHx8fA%3D%3D&ixlib=rb-4.1.0&q=60&w=3000
Hoodie,hoodie.jpg,Jannes Jacobs,https://unsplash.com/photos/man-wearing-grey-pullover-hoodie-a_KC8ocB650,https://images.unsplash.com/photo-1556821840-3a63f95609a7?auto=format&fit=crop&fm=jpg&ixid=M3wxMjA3fDB8MHxwaG90by1wYWdlfHx8fGVufDB8fHx8fA%3D%3D&ixlib=rb-4.1.0&q=60&w=3000
Track Pants,track-pants.jpg,Lucas Lenzi,https://unsplash.com/photos/womans-black-track-pants-NERf0W6OAEs,https://images.unsplash.com/photo-1523913055683-00f59c402a7c?auto=format&fit=crop&fm=jpg&ixid=M3wxMjA3fDB8MHxwaG90by1wYWdlfHx8fGVufDB8fHx8fA%3D%3D&ixlib=rb-4.1.0&q=60&w=3000
Cardigan,cardigan.jpg,Alexander Mass,https://unsplash.com/photos/woman-in-gray-cardigan-smiling-outdoors-beside-a-white-wall-BVhFopqd8vk,https://images.unsplash.com/photo-1782786980431-e0dcc25454c8?auto=format&fit=crop&fm=jpg&ixid=M3wxMjA3fDB8MHxwaG90by1wYWdlfHx8fGVufDB8fHx8fA%3D%3D&ixlib=rb-4.1.0&q=60&w=3000
Polo Shirt,polo-shirt.jpg,Ron McClenny,https://unsplash.com/photos/man-wearing-brown-polo-shirt-MHbuhKpY-J8,https://images.unsplash.com/photo-1540222652835-67de780a427b?fm=jpg&ixid=M3wxMjA3fDB8MHxwaG90by1wYWdlfHx8fGVufDB8fHx8fA%3D%3D&ixlib=rb-4.0.3&q=60&w=3000
Cargo Trousers,cargo-trousers.jpg,Anton K Wibowo,https://unsplash.com/photos/stylish-woman-in-oversized-white-tee-and-brown-cargo-pants-cjEkVJg2Huw,https://images.unsplash.com/photo-1780566759823-6ab515d86760?auto=format&fit=crop&fm=jpg&ixid=M3wxMjA3fDB8MHxwaG90by1wYWdlfHx8fGVufDB8fHx8fA%3D%3D&ixlib=rb-4.1.0&q=60&w=3000
Crossbody Handbag,crossbody-handbag.jpg,Jametlene Reskp,https://unsplash.com/photos/a-white-leather-handbag-with-a-silver-clasp-h7MlL4PsYI4,https://images.unsplash.com/photo-1774259479601-69a44c70bed1?auto=format&fit=crop&fm=jpg&ixid=M3wxMjA3fDB8MHxwaG90by1wYWdlfHx8fGVufDB8fHx8fA%3D%3D&ixlib=rb-4.1.0&q=60&w=3000
